{
  "speaker_separation": {
    "same_sims": [
      0.9999118447303772,
      0.9998810291290283,
      0.9999048709869385,
      0.9999245405197144,
      0.9998438358306885,
      0.999847412109375,
      0.9998834133148193,
      0.999825119972229,
      0.9998589754104614,
      0.9999184608459473,
      0.9999600648880005,
      0.9999586343765259,
      0.9999032020568848,
      0.9999183416366577,
      0.9999322891235352,
      0.9996681809425354,
      0.999527096748352,
      0.9997311234474182,
      0.9998395442962646,
      0.9998403191566467,
      0.9999207258224487,
      0.9997391700744629,
      0.9998050928115845,
      0.9997224807739258,
      0.9999220371246338,
      0.9999120235443115,
      0.9999170899391174,
      0.9998253583908081,
      0.9998757839202881,
      0.9998472332954407,
      0.9998338222503662,
      0.9998373985290527,
      0.9997949600219727,
      0.9998433589935303,
      0.9998570680618286,
      0.9999308586120605,
      0.999961256980896,
      0.9999150037765503,
      0.9999327063560486,
      0.9998793601989746,
      0.9999096393585205,
      0.9999403357505798,
      0.999422550201416,
      0.9997019171714783,
      0.9996686577796936
    ],
    "diff_sims": [
      0.9999790787696838,
      0.999971866607666,
      0.9999680519104004,
      0.999963104724884,
      0.9999192357063293,
      0.9999743103981018,
      0.9999537467956543,
      0.9999706745147705,
      0.999960720539093,
      0.9999436140060425,
      0.9999592900276184,
      0.999961256980896,
      0.9999765157699585,
      0.999900221824646,
      0.9999682307243347,
      0.9999716281890869,
      0.9999678134918213,
      0.9999297857284546,
      0.9999784231185913,
      0.9999620914459229,
      0.9999728798866272,
      0.9999703168869019,
      0.9999501705169678,
      0.999972403049469,
      0.9999672770500183,
      0.999977171421051,
      0.9999160766601562,
      0.9999718070030212,
      0.9999679327011108,
      0.9999096393585205,
      0.9999670386314392,
      0.9999215602874756,
      0.9999747276306152,
      0.9999564290046692,
      0.9999418258666992,
      0.9999606013298035,
      0.9999710917472839,
      0.9999738931655884,
      0.9998897314071655,
      0.9999780654907227,
      0.9999487996101379,
      0.9999802112579346,
      0.9999481439590454,
      0.9999855756759644,
      0.999971866607666,
      0.9999724626541138,
      0.9999836683273315,
      0.9999860525131226,
      0.9999704360961914,
      0.9999226331710815,
      0.9999223947525024,
      0.9999726414680481,
      0.9999442100524902,
      0.9999834895133972,
      0.9999539852142334,
      0.9999551177024841,
      0.9999766945838928,
      0.999976634979248,
      0.9999819993972778,
      0.9999394416809082,
      0.9999380111694336,
      0.9999290108680725,
      0.9999388456344604,
      0.9999498128890991,
      0.9999576210975647,
      0.9999349117279053,
      0.9999314546585083,
      0.9999091029167175,
      0.9999048709869385,
      0.9999639987945557,
      0.9999726414680481,
      0.9999737739562988,
      0.9999674558639526,
      0.9999792575836182,
      0.9999809265136719,
      0.999971866607666,
      0.9999222755432129,
      0.9999406337738037,
      0.9999560117721558,
      0.9999353289604187,
      0.9999492168426514,
      0.999940812587738,
      0.9999456405639648,
      0.9998928308486938,
      0.9999656677246094,
      0.9999551177024841,
      0.999977171421051,
      0.9999781847000122,
      0.9999821186065674,
      0.9999209642410278,
      0.9999623894691467,
      0.9999641180038452,
      0.9999707937240601,
      0.99994957447052,
      0.9999135136604309,
      0.999962329864502,
      0.9999709129333496,
      0.9999383091926575,
      0.9999300241470337,
      0.9999781847000122,
      0.9999631643295288,
      0.9999226331710815,
      0.999971330165863,
      0.999915599822998,
      0.9999051094055176
    ],
    "separation": -0.00011044929897974232,
    "checks": {
      "\u540c\u8a71\u8005sim > \u7570\u8a71\u8005sim": "False",
      "\u5206\u96e2\u5ea6 >= 0.1": "False",
      "\u7570\u8a71\u8005sim\u6700\u5927\u5024 < \u540c\u8a71\u8005sim\u6700\u5c0f\u5024": "False",
      "\u7570\u8a71\u8005sim\u5e73\u5747 < 0.7": "False",
      "\u540c\u8a71\u8005sim\u5e73\u5747 > 0.8": "True"
    },
    "embedding_norms": {
      "mean": 2.9490755610995825,
      "std": 0.009788781798211181
    },
    "n_speakers": 15
  },
  "prompt_orthogonality": {
    "base_off_diag_mean": 0.010538498871028423,
    "base_off_diag_max": 0.056560665369033813,
    "avg_off_diag_mean": 0.0018677986226975918,
    "avg_off_diag_max": 0.02555517479777336,
    "effective_rank": 3.5728952884674072,
    "singular_values": [
      9.343022346496582,
      8.610483169555664,
      8.271581649780273,
      7.156552314758301
    ],
    "checks": {
      "\u30d9\u30fc\u30b9\u30c8\u30fc\u30af\u30f3\u76f4\u4ea4\u6027 (max|off-diag| < 0.5)": "tensor(True)",
      "\u751f\u6210\u30c8\u30fc\u30af\u30f3\u76f4\u4ea4\u6027 (mean|off-diag| < 0.3)": "tensor(True)",
      "\u30c8\u30fc\u30af\u30f3\u81ea\u5df1\u985e\u4f3c\u5ea6 > 0.99": "tensor(True)"
    }
  },
  "fcpe_f0_quality": {
    "results": {
      "A3": {
        "mean_f0": 220.22598266601562,
        "std_f0": 0.726440966129303,
        "voiced_pct": 100.0
      },
      "A4": {
        "mean_f0": 439.22723388671875,
        "std_f0": 0.907684326171875,
        "voiced_pct": 100.0
      },
      "A5": {
        "mean_f0": 881.7775268554688,
        "std_f0": 1.350031852722168,
        "voiced_pct": 100.0
      },
      "silence": {
        "f0_max": 1.0,
        "voiced_frames": 0.0
      },
      "noise": {
        "voiced_pct": 10.000000149011612
      },
      "p225": {
        "mean_f0": 188.08535766601562,
        "std_f0": 33.527732849121094,
        "min_f0": 79.84657287597656,
        "max_f0": 236.75746154785156,
        "voiced_pct": 68.6274528503418,
        "unvoiced_zero_pct": 100.0
      },
      "p226": {
        "mean_f0": 132.8496856689453,
        "std_f0": 40.75214767456055,
        "min_f0": 81.06619262695312,
        "max_f0": 231.23019409179688,
        "voiced_pct": 60.00000238418579,
        "unvoiced_zero_pct": 100.0
      },
      "p227": {
        "mean_f0": 121.12895965576172,
        "std_f0": 14.887151718139648,
        "min_f0": 99.60539245605469,
        "max_f0": 152.24923706054688,
        "voiced_pct": 38.66666555404663,
        "unvoiced_zero_pct": 100.0
      }
    },
    "checks": {
      "\u6b63\u5f26\u6ce2220Hz \u00b150Hz\u4ee5\u5185": true,
      "\u6b63\u5f26\u6ce2440Hz \u00b1100Hz\u4ee5\u5185": true,
      "\u6b63\u5f26\u6ce2880Hz \u00b1200Hz\u4ee5\u5185": true,
      "\u7121\u97f3F0=0 (max < 1Hz)": false,
      "\u7121\u97f3voiced=0": true,
      "\u30ce\u30a4\u30ba voiced\u7387 < 20%": true
    }
  },
  "f0_resample": {
    "checks": {
      "voiced/unvoiced\u9077\u79fb\u691c\u51fa": true,
      "log_f0\u304c\u6709\u9650\u5024": true,
      "SWEEP F0 range > 400Hz": "tensor(True)"
    },
    "n_transitions": 2
  },
  "short_vs_long": {
    "results": [
      {
        "speaker": "p225",
        "dur_long": 12.154520833333333,
        "cos_sim": 0.9971606731414795,
        "norm_1s": 2.96060848236084,
        "norm_10s": 3.023531913757324
      },
      {
        "speaker": "p226",
        "dur_long": 12.152979166666666,
        "cos_sim": 0.997199535369873,
        "norm_1s": 2.960705518722534,
        "norm_10s": 3.0268068313598633
      },
      {
        "speaker": "p227",
        "dur_long": 12.678729166666667,
        "cos_sim": 0.9975202679634094,
        "norm_1s": 2.9588215351104736,
        "norm_10s": 3.0518224239349365
      },
      {
        "speaker": "p228",
        "dur_long": 12.571645833333333,
        "cos_sim": 0.997363805770874,
        "norm_1s": 2.9609100818634033,
        "norm_10s": 3.046680212020874
      },
      {
        "speaker": "p229",
        "dur_long": 10.802666666666667,